DeviceID,Latitude,Longitude,Timestamp
D00301,16.307749,80.439845,2026-09-09 21:26:14.144090
D00035,16.300969,80.442035,2026-09-09 21:26:16.696785
D00197,16.30522,80.438564,2026-09-09 21:26:21.971882
D00994,16.299153,80.440682,2026-09-09 21:26:30.352824
D00921,16.305579,80.436083,2026-09-09 21:26:33.225325
D00222,16.308664,80.440939,2026-09-09 21:26:39.012941
D00654,16.29657,80.439932,2026-09-09 21:27:13.708234
D00104,16.306822,80.439055,2026-09-09 21:27:25.820720
D00164,16.307322,80.437818,2026-09-09 21:27:28.917601
D00417,16.301524,80.438468,2026-09-09 21:27:32.333096
D00581,16.310967,80.440129,2026-09-09 21:27:35.592752
D00434,16.301513,80.440238,2026-09-09 21:28:03.357245
D00012,16.304478,80.440425,2026-09-09 21:28:07.656438
D00114,16.30789,80.440247,2026-09-09 21:28:09.835841
D00969,16.307997,80.450502,2026-09-09 21:28:14.313713
D00404,16.304663,80.43696,2026-09-09 21:28:16.313048
D00332,16.30716,80.440258,2026-09-09 21:28:20.197714
D00002,16.304355,80.436318,2026-09-09 21:28:20.625616
D00248,16.309161,80.439421,2026-09-09 21:28:31.053874
D00095,16.319731,80.435663,2026-09-09 21:28:38.804689
D00084,16.311729,80.438362,2026-09-09 21:28:40.783610
D00760,16.302792,80.437412,2026-09-09 21:28:42.917185
D00938,16.300164,80.441604,2026-09-09 21:28:49.256637
D00477,16.305989,80.436937,2026-09-09 21:29:00.422346
D00963,16.304015,80.429235,2026-09-09 21:29:04.301200
D00863,16.304745,80.433329,2026-09-09 21:29:31.118594
D00810,16.30536,80.428275,2026-09-09 21:29:36.020825
D00031,16.309007,80.434877,2026-09-09 21:29:43.688971
D00465,16.297574,80.441951,2026-09-09 21:29:53.404315
D00123,16.302827,80.433483,2026-09-09 21:29:57.850412
D00973,16.299586,80.441094,2026-09-09 21:30:13.319227
D00593,16.310788,80.433469,2026-09-09 21:30:15.612308
D00965,16.31999,80.43828,2026-09-09 21:30:18.305703
D00164,16.310029,80.44057,2026-09-09 21:30:23.917601
D00042,16.289249,80.459042,2026-09-09 21:30:36.710299
D00954,16.310192,80.432866,2026-09-09 21:30:49.285662
D00550,16.31229,80.423726,2026-09-09 21:30:51.543808
D00909,16.310231,80.438868,2026-09-09 21:31:00.201777
D00277,16.305953,80.442672,2026-09-09 21:31:51.105504
D00728,16.316259,80.425573,2026-09-09 21:31:59.855663
D00357,16.30504,80.438609,2026-09-09 21:32:00.237007
D00632,16.30841,80.441427,2026-09-09 21:32:11.673347
D00286,16.303442,80.436085,2026-09-09 21:32:13.118836
D00982,16.297952,80.437037,2026-09-09 21:32:17.333743
D00591,16.303802,80.433369,2026-09-09 21:32:20.609314
D00458,16.299862,80.438154,2026-09-09 21:32:25.393722
D00988,16.301175,80.436074,2026-09-09 21:32:50.343257
D00039,16.298774,80.440709,2026-09-09 21:33:00.703783
D00056,16.30358,80.438856,2026-09-09 21:33:03.733326
D00769,16.315509,80.435988,2026-09-09 21:33:05.936980
D00129,16.307663,80.434324,2026-09-09 21:33:11.859964
D00789,16.301042,80.438594,2026-09-09 21:33:23.979707
D00575,16.315125,80.431737,2026-09-09 21:33:24.582732
D00648,16.306884,80.436052,2026-09-09 21:33:47.699423
D00127,16.299258,80.440527,2026-09-09 21:33:47.856967
D00531,16.297763,80.435876,2026-09-09 21:33:54.510379
D00542,16.302189,80.431804,2026-09-09 21:34:09.530185
D00658,16.31408,80.445296,2026-09-09 21:34:13.713850
D00900,16.314921,80.426555,2026-09-09 21:35:06.184219
D00992,16.307464,80.43406,2026-09-09 21:35:09.349831
D00761,16.299514,80.435086,2026-09-09 21:35:09.920194
D00184,16.311588,80.438171,2026-09-09 21:35:13.953448
D00844,16.3081,80.438662,2026-09-09 21:35:15.081895
D00451,16.3209,80.434534,2026-09-09 21:35:49.381680
D00804,16.309928,80.433992,2026-09-09 21:36:04.008633
D00458,16.299012,80.438036,2026-09-09 21:36:19.393722
D00779,16.304928,80.440534,2026-09-09 21:36:31.957053
D00830,16.304975,80.431035,2026-09-09 21:36:37.056514
D00746,16.306343,80.432046,2026-09-09 21:36:53.890070
D00592,16.298435,80.442975,2026-09-09 21:37:01.611306
D00363,16.309733,80.436033,2026-09-09 21:37:05.248480
D00729,16.298674,80.44067,2026-09-09 21:37:31.857689
D00827,16.31243,80.43775,2026-09-09 21:37:36.052023
D00173,16.302712,80.443882,2026-09-09 21:37:52.935621
D00490,16.311448,80.431997,2026-09-09 21:37:55.443910
D00028,16.312073,80.436571,2026-09-09 21:38:08.685459
D00250,16.313958,80.441328,2026-09-09 21:38:35.058502
D00521,16.30405,80.431479,2026-09-09 21:39:02.493806
D00960,16.320742,80.419809,2026-09-09 21:39:09.294684
D00646,16.305911,80.437159,2026-09-09 21:39:20.695416
D00439,16.315396,80.432615,2026-09-09 21:39:50.364250
D00223,16.314213,80.431406,2026-09-09 21:39:55.013940
D00725,16.302488,80.434005,2026-09-09 21:40:04.851161
D00708,16.307176,80.435812,2026-09-09 21:40:17.816852
D00815,16.299812,80.437192,2026-09-09 21:40:35.030367
D00222,16.311786,80.436415,2026-09-09 21:40:36.012941
D00950,16.303565,80.431223,2026-09-09 21:40:40.279662
D00545,16.287983,80.441306,2026-09-09 21:40:41.535684
D00968,16.305762,80.436558,2026-09-09 21:40:57.312714
D00128,16.311787,80.43589,2026-09-09 21:40:59.857962
D00445,16.301945,80.424884,2026-09-09 21:41:29.372970
D00481,16.295985,80.44108,2026-09-09 21:41:36.429870
D00057,16.308656,80.446262,2026-09-09 21:41:36.735325
D00251,16.311229,80.437657,2026-09-09 21:41:54.060502
D00827,16.302099,80.440692,2026-09-09 21:42:05.052023
D00901,16.310495,80.436943,2026-09-09 21:42:21.185723
D00002,16.307028,80.438462,2026-09-09 21:42:23.625616
D00487,16.302101,80.431255,2026-09-09 21:42:46.438693
D00833,16.301175,80.437346,2026-09-09 21:43:06.062545
D00525,16.307419,80.435063,2026-09-09 21:43:14.500527
D00971,16.312198,80.431916,2026-09-09 21:43:24.317223
D00804,16.316262,80.433709,2026-09-09 21:43:30.008633
D00857,16.312305,80.433776,2026-09-09 21:43:32.107044
D00756,16.306455,80.431857,2026-09-09 21:43:56.909668
D00652,16.305523,80.434106,2026-09-09 21:44:21.704529
D00747,16.309994,80.436631,2026-09-09 21:44:22.891096
D00453,16.299049,80.437572,2026-09-09 21:44:45.384686
D00719,16.309624,80.437212,2026-09-09 21:44:46.836643
D00935,16.317758,80.426698,2026-09-09 21:44:56.251125
D00528,16.30666,80.443345,2026-09-09 21:44:58.504421
D00325,16.31052,80.440436,2026-09-09 21:45:00.186370
D00321,16.301673,80.432525,2026-09-09 21:45:19.180750
D00086,16.304698,80.439225,2026-09-09 21:45:33.787120
D00371,16.307092,80.432781,2026-09-09 21:45:36.260036
D00986,16.313729,80.437367,2026-09-09 21:45:37.339255
D00030,16.307999,80.438253,2026-09-09 21:45:51.687971
D00977,16.29481,80.436517,2026-09-09 21:45:54.324226
D00316,16.306056,80.434926,2026-09-09 21:46:17.172041
D00020,16.310083,80.430329,2026-09-09 21:46:27.670949
D00210,16.309024,80.442005,2026-09-09 21:46:46.990323
D00476,16.309298,80.432597,2026-09-09 21:46:54.421346
D00662,16.302738,80.429121,2026-09-09 21:47:10.720581
D00498,16.314832,80.427192,2026-09-09 21:47:12.458630
D00297,16.288696,80.459636,2026-09-09 21:47:27.136981
D00933,16.305869,80.42864,2026-09-09 21:47:38.248127
D00325,16.306306,80.435461,2026-09-09 21:47:53.186370
D00514,16.308486,80.434616,2026-09-09 21:48:09.482255
D00861,16.301486,80.440819,2026-09-09 21:48:11.114067
D00708,16.31084,80.437622,2026-09-09 21:48:13.816852
D00820,16.302992,80.438788,2026-09-09 21:48:21.038635
D00811,16.31169,80.438334,2026-09-09 21:49:02.022842
D00800,16.307583,80.452568,2026-09-09 21:49:11.001074
D00625,16.305706,80.430108,2026-09-09 21:49:22.663632
D00435,16.299218,80.435055,2026-09-09 21:49:38.359245
D00529,16.307375,80.435036,2026-09-09 21:49:43.505527
D00252,16.301551,80.432056,2026-09-09 21:49:58.061501
D00033,16.307744,80.434931,2026-09-09 21:50:08.692481
D00397,16.313303,80.429269,2026-09-09 21:50:22.301431
D00297,16.301988,80.440185,2026-09-09 21:50:43.136981
D00561,16.293918,80.435893,2026-09-09 21:50:56.560492
D00910,16.30382,80.432824,2026-09-09 21:51:24.202794
D00619,16.306395,80.441119,2026-09-09 21:51:56.653682
D00797,16.315174,80.437835,2026-09-09 21:52:07.996063
D00242,16.30507,80.433539,2026-09-09 21:52:18.044549
D00234,16.30092,80.458679,2026-09-09 21:52:43.032041
D00073,16.312375,80.443617,2026-09-09 21:52:48.763584
D00109,16.306319,80.436219,2026-09-09 21:53:13.828306
D00299,16.295032,80.430232,2026-09-09 21:53:51.139985
D00407,16.310433,80.435917,2026-09-09 21:53:59.317558
D00361,16.290479,80.441891,2026-09-09 21:54:00.245470
D00247,16.311425,80.439792,2026-09-09 21:54:13.051873
D00866,16.312677,80.446281,2026-09-09 21:54:32.122577
D00075,16.298998,80.447513,2026-09-09 21:54:42.767093
D00029,16.305318,80.432463,2026-09-09 21:54:50.686967
D00900,16.309844,80.432749,2026-09-09 21:54:54.184219
D00839,16.276241,80.429826,2026-09-09 21:55:02.072713
D00457,16.302269,80.438835,2026-09-09 21:55:11.392396
D00175,16.313219,80.435797,2026-09-09 21:55:28.937630
D00055,16.311948,80.429765,2026-09-09 21:55:31.732341
D00939,16.311257,80.445179,2026-09-09 21:55:33.258642
D00040,16.30891,80.431345,2026-09-09 21:55:42.705288
D00140,16.312009,80.443579,2026-09-09 21:55:49.879015
D00221,16.302244,80.3965,2026-09-09 21:56:33.011837
D00341,16.313265,80.424991,2026-09-09 21:56:45.212228
D00610,16.310742,80.436521,2026-09-09 21:56:54.637967
D00335,16.313883,80.433125,2026-09-09 21:57:09.201713
D00156,16.267128,80.454654,2026-09-09 21:58:00.905274
D00622,16.302855,80.437136,2026-09-09 21:58:12.658299
D00961,16.311455,80.430911,2026-09-09 21:58:16.297193
D00481,16.301944,80.433576,2026-09-09 21:58:29.429870
D00414,16.314417,80.432647,2026-09-09 21:59:00.329096
D00646,16.301079,80.434861,2026-09-09 21:59:03.695416
D00043,16.314116,80.436307,2026-09-09 21:59:06.711298
D00515,16.307879,80.431889,2026-09-09 21:59:08.483253
D00993,16.299163,80.427375,2026-09-09 21:59:14.351825
D00424,16.309833,80.432956,2026-09-09 21:59:17.343814
D00951,16.298415,80.439841,2026-09-09 21:59:37.280662
D00496,16.30814,80.453494,2026-09-09 21:59:38.455517
D00786,16.310916,80.435831,2026-09-09 21:59:48.972538
D00200,16.31985,80.450951,2026-09-09 22:00:00.976502
D00144,16.305731,80.442141,2026-09-09 22:00:14.885724
D00389,16.288432,80.420518,2026-09-09 22:00:23.289303
D00420,16.27094,80.436174,2026-09-09 22:00:26.338818
D00796,16.321478,80.451391,2026-09-09 22:00:36.993557
D00152,16.299559,80.437713,2026-09-09 22:01:00.899275
D00684,16.290658,80.424802,2026-09-09 22:01:07.762758
D00163,16.313539,80.439372,2026-09-09 22:01:15.915593
D00522,16.306134,80.397654,2026-09-09 22:01:22.496444
D00888,16.30776,80.439773,2026-09-09 22:02:00.163699
D00391,16.312088,80.442236,2026-09-09 22:02:18.291369
D00098,16.301368,80.443781,2026-09-09 22:02:22.810207
D00289,16.313726,80.434577,2026-09-09 22:02:26.123849
D00562,16.309195,80.427241,2026-09-09 22:02:26.561603
D00535,16.308387,80.440199,2026-09-09 22:02:56.516668
D00202,16.270152,80.429942,2026-09-09 22:03:24.980549
D00608,16.316836,80.44102,2026-09-09 22:03:27.634234
D00482,16.30619,80.428621,2026-09-09 22:03:28.431966
D00490,16.305875,80.448792,2026-09-09 22:03:58.443910
D00823,16.302127,80.446757,2026-09-09 22:04:05.044619
D00079,16.298901,80.442263,2026-09-09 22:04:08.773098
D00587,16.305648,80.435881,2026-09-09 22:04:19.602586
D00981,16.312418,80.43309,2026-09-09 22:04:22.331744
D00054,16.306398,80.442521,2026-09-09 22:04:56.730343
D00166,16.302352,80.438854,2026-09-09 22:04:56.921606
D00919,16.299791,80.438169,2026-09-09 22:06:07.220821
D00123,16.30764,80.433656,2026-09-09 22:06:22.850412
D00679,16.307605,80.440932,2026-09-09 22:06:25.752182
D00409,16.307648,80.436577,2026-09-09 22:06:38.321666
D00622,16.297909,80.422799,2026-09-09 22:07:10.658299
D00718,16.284136,80.435112,2026-09-09 22:07:10.835384
D00435,16.312571,80.437508,2026-09-09 22:07:12.359245
D00999,16.310231,80.437496,2026-09-09 22:07:31.361362
D00871,16.292026,80.431653,2026-09-09 22:08:06.132608
D00034,16.299742,80.42122,2026-09-09 22:08:11.694480
D00045,16.309003,80.441069,2026-09-09 22:08:14.715299
D00305,16.297702,80.432431,2026-09-09 22:08:40.152708
D00374,16.306871,80.432669,2026-09-09 22:08:43.265602
D00808,16.305527,80.430221,2026-09-09 22:08:48.016825
D00614,16.301619,80.439704,2026-09-09 22:08:49.645442
D00739,16.304672,80.439099,2026-09-09 22:09:26.878709
D00669,16.318663,80.440708,2026-09-09 22:09:35.734058
D00603,16.314095,80.416642,2026-09-09 22:09:39.628230
D00908,16.29881,80.44153,2026-09-09 22:10:00.199777
D00031,16.307274,80.446822,2026-09-09 22:10:01.688971
D00895,16.329761,80.423844,2026-09-09 22:10:09.174731
D00531,16.297289,80.438959,2026-09-09 22:10:21.510379
D00347,16.305367,80.432601,2026-09-09 22:10:33.220743
D00826,16.31117,80.438209,2026-09-09 22:10:44.050005
D00601,16.32163,80.43733,2026-09-09 22:10:47.624283
D00236,16.296804,80.43282,2026-09-09 22:11:01.033935
D00674,16.313752,80.423254,2026-09-09 22:11:09.741683
D00585,16.309704,80.432632,2026-09-09 22:11:10.598587
D00043,16.303473,80.436813,2026-09-09 22:12:06.711298
D00055,16.301659,80.455502,2026-09-09 22:12:11.732341
D00821,16.315301,80.441074,2026-09-09 22:12:14.039633
D00546,16.30279,80.441274,2026-09-09 22:12:16.537808
D00387,16.306522,80.448854,2026-09-09 22:12:22.285746
D00035,16.311768,80.439454,2026-09-09 22:12:30.696785
D00895,16.305105,80.430442,2026-09-09 22:12:34.174731
D00322,16.306206,80.451993,2026-09-09 22:12:35.181751
D00787,16.292463,80.447406,2026-09-09 22:12:35.973564
D00879,16.308732,80.442114,2026-09-09 22:13:11.146170
D00056,16.315538,80.436824,2026-09-09 22:13:18.733326
D00472,16.28719,80.443994,2026-09-09 22:13:21.415335
D00566,16.299729,80.444599,2026-09-09 22:13:25.568317
D00933,16.301663,80.432908,2026-09-09 22:13:49.248127
D00176,16.30183,80.442568,2026-09-09 22:14:18.939630
D00079,16.293345,80.435526,2026-09-09 22:14:45.773098
D00893,16.30558,80.430516,2026-09-09 22:14:47.171732
D00588,16.307955,80.443501,2026-09-09 22:14:52.603587
D00254,16.300735,80.433963,2026-09-09 22:14:53.064501
D00791,16.306814,80.433866,2026-09-09 22:14:57.983718
D00406,16.284819,80.452457,2026-09-09 22:15:07.316558
D00837,16.301102,80.424879,2026-09-09 22:15:18.069719
D00211,16.317134,80.42445,2026-09-09 22:15:35.991928
D00537,16.306424,80.420734,2026-09-09 22:15:57.520772
D00582,16.298145,80.425027,2026-09-09 22:16:01.593862
D00117,16.2996,80.436877,2026-09-09 22:17:09.840836
D00133,16.308707,80.453806,2026-09-09 22:17:14.866501
D00751,16.302891,80.442851,2026-09-09 22:17:20.902141
D00414,16.306595,80.432685,2026-09-09 22:17:36.329096
D00399,16.315482,80.42509,2026-09-09 22:17:44.304432
D00694,16.317796,80.434562,2026-09-09 22:17:49.783834
D00164,16.321809,80.465861,2026-09-09 22:18:13.917601
D00772,16.301502,80.441947,2026-09-09 22:18:17.940980
D00678,16.295903,80.430295,2026-09-09 22:18:20.749296
D00952,16.305847,80.440563,2026-09-09 22:18:21.282661
D00216,16.312266,80.439501,2026-09-09 22:18:32.000718
D00784,16.311682,80.440792,2026-09-09 22:18:43.968536
D00544,16.302595,80.453478,2026-09-09 22:18:45.534272
D00649,16.301118,80.435867,2026-09-09 22:18:58.700456
D00802,16.310486,80.422979,2026-09-09 22:19:00.004091
D00990,16.314104,80.434584,2026-09-09 22:19:11.346811
D00849,16.305809,80.432313,2026-09-09 22:19:31.090438
D00400,16.309053,80.426408,2026-09-09 22:19:37.306048
D00778,16.308193,80.437664,2026-09-09 22:19:52.954497
D00234,16.301684,80.44944,2026-09-09 22:19:55.032041
D00638,16.306631,80.439792,2026-09-09 22:19:55.684123
D00702,16.310848,80.418757,2026-09-09 22:20:31.805335
D00049,16.330604,80.432193,2026-09-09 22:21:00.721815
D00688,16.293687,80.447836,2026-09-09 22:21:02.771276
D00886,16.298908,80.429686,2026-09-09 22:21:06.157699
D00888,16.298288,80.437048,2026-09-09 22:22:01.163699
D00376,16.314095,80.435505,2026-09-09 22:22:01.267711
D00166,16.301549,80.437585,2026-09-09 22:22:01.921606
D00424,16.324818,80.468788,2026-09-09 22:22:17.343814
D00791,16.309809,80.44273,2026-09-09 22:22:31.983718
D00193,16.307797,80.435932,2026-09-09 22:22:32.966775
D00873,16.298066,80.434637,2026-09-09 22:22:35.135621
D00296,16.309662,80.433456,2026-09-09 22:22:36.135975
D00779,16.298167,80.431858,2026-09-09 22:22:54.957053
D00394,16.300833,80.441338,2026-09-09 22:23:27.297425
D00760,16.311608,80.432607,2026-09-09 22:23:27.917185
D00922,16.316007,80.441522,2026-09-09 22:23:33.228344
D00266,16.303753,80.433698,2026-09-09 22:23:42.085461
D00077,16.318691,80.429048,2026-09-09 22:24:05.770096
D00930,16.300821,80.443075,2026-09-09 22:24:40.241606
D00720,16.308257,80.436941,2026-09-09 22:25:03.838641
D00538,16.308869,80.455239,2026-09-09 22:25:05.523669
D00016,16.296175,80.434335,2026-09-09 22:25:12.664434
D00891,16.317611,80.442794,2026-09-09 22:25:30.168731
D00670,16.300784,80.440747,2026-09-09 22:25:43.735662
D00473,16.311491,80.42992,2026-09-09 22:26:23.417341
D00987,16.3177,80.436709,2026-09-09 22:26:28.341256
D00911,16.315986,80.411414,2026-09-09 22:26:33.203793
D00113,16.305664,80.428172,2026-09-09 22:26:40.834303
D00819,16.301291,80.437851,2026-09-09 22:26:43.036617
D00021,16.305506,80.446975,2026-09-09 22:26:43.672949
D00307,16.317685,80.445691,2026-09-09 22:26:45.156212
D00824,16.307006,80.42696,2026-09-09 22:26:50.045640
D00995,16.302594,80.433938,2026-09-09 22:26:53.355348
D00903,16.306179,80.412782,2026-09-09 22:26:54.188745
D00628,16.302151,80.425491,2026-09-09 22:27:10.667348
D00272,16.317722,80.446567,2026-09-09 22:27:26.097499
D00514,16.303781,80.43762,2026-09-09 22:27:27.482255
D00263,16.30791,80.434755,2026-09-09 22:28:01.079850
D00967,16.303028,80.435227,2026-09-09 22:28:08.309715
D00148,16.310964,80.435796,2026-09-09 22:28:17.891837
D00148,16.317162,80.431985,2026-09-09 22:28:26.891837
D00904,16.30822,80.436358,2026-09-09 22:28:29.189727
D00999,16.298647,80.416155,2026-09-09 22:28:29.361362
D00207,16.309038,80.434791,2026-09-09 22:28:31.987326
D00096,16.30684,80.444876,2026-09-09 22:28:36.806194
D00214,16.306017,80.440778,2026-09-09 22:28:45.998723
D00845,16.310228,80.442264,2026-09-09 22:28:53.083910
D00545,16.28692,80.443743,2026-09-09 22:29:45.535684
D00425,16.311139,80.441296,2026-09-09 22:29:53.345425
D00286,16.31129,80.441163,2026-09-09 22:30:31.118836
D00255,16.316801,80.443241,2026-09-09 22:31:17.067012
D00884,16.309136,80.42814,2026-09-09 22:31:33.154182
D00647,16.31445,80.44169,2026-09-09 22:31:33.697466
D00930,16.320698,80.410615,2026-09-09 22:32:00.241606
D00600,16.303381,80.437405,2026-09-09 22:32:16.622284
D00548,16.306935,80.437934,2026-09-09 22:32:22.540803
D00189,16.298505,80.43228,2026-09-09 22:32:46.959165
D00258,16.272366,80.440979,2026-09-09 22:33:03.072131
D00275,16.308665,80.429284,2026-09-09 22:33:03.101505
D00880,16.301202,80.432441,2026-09-09 22:33:03.148183
D00479,16.303765,80.441139,2026-09-09 22:33:09.425850
D00005,16.302767,80.438791,2026-09-09 22:33:30.639665
D00728,16.306785,80.423699,2026-09-09 22:33:57.855663
D00604,16.309662,80.425463,2026-09-09 22:34:00.629231
D00771,16.297682,80.437121,2026-09-09 22:34:08.939995
D00121,16.315663,80.457821,2026-09-09 22:34:21.847422
D00709,16.310708,80.434422,2026-09-09 22:34:24.818851
D00331,16.319878,80.420563,2026-09-09 22:34:26.195702
D00428,16.304623,80.431513,2026-09-09 22:34:30.349538
D00508,16.299355,80.435166,2026-09-09 22:34:35.472345
D00061,16.290983,80.428137,2026-09-09 22:35:14.741547
D00369,16.315559,80.436522,2026-09-09 22:35:16.256989
D00273,16.309377,80.428271,2026-09-09 22:35:25.098505
D00091,16.306848,80.470712,2026-09-09 22:35:26.797688
D00504,16.30814,80.436879,2026-09-09 22:35:38.467355
D00576,16.308384,80.446852,2026-09-09 22:35:43.584731
D00025,16.314306,80.443044,2026-09-09 22:35:43.680475
D00782,16.311327,80.435663,2026-09-09 22:35:57.964029
D00335,16.312043,80.42789,2026-09-09 22:35:58.201713
D00283,16.299419,80.431903,2026-09-09 22:36:02.114123
D00699,16.308553,80.428573,2026-09-09 22:36:12.799731
D00816,16.311629,80.415026,2026-09-09 22:36:27.031367
D00751,16.30345,80.434064,2026-09-09 22:36:27.902141
D00129,16.301291,80.429547,2026-09-09 22:36:34.859964
D00989,16.311565,80.439779,2026-09-09 22:37:07.345277
D00807,16.315677,80.434206,2026-09-09 22:37:08.015627
D00071,16.289102,80.427854,2026-09-09 22:37:13.760587
D00246,16.343776,80.440964,2026-09-09 22:37:30.050874
D00921,16.308891,80.428844,2026-09-09 22:37:44.225325
D00393,16.303123,80.437078,2026-09-09 22:37:45.295705
D00298,16.299813,80.450638,2026-09-09 22:38:08.138985
D00303,16.306672,80.444113,2026-09-09 22:38:18.147810
D00237,16.296783,80.440849,2026-09-09 22:38:22.036548
D00618,16.315335,80.441114,2026-09-09 22:38:40.651682
D00325,16.319405,80.42932,2026-09-09 22:38:46.186370
D00034,16.307735,80.429014,2026-09-09 22:38:55.694480
D00270,16.293499,80.442362,2026-09-09 22:39:17.092987
D00457,16.304162,80.439805,2026-09-09 22:40:13.392396
D00475,16.296541,80.429004,2026-09-09 22:40:19.420346
D00342,16.312555,80.429339,2026-09-09 22:40:57.213228
D00657,16.306671,80.43956,2026-09-09 22:41:05.713850
D00935,16.332803,80.407667,2026-09-09 22:41:18.251125
D00379,16.307277,80.434081,2026-09-09 22:41:24.272711
D00448,16.32229,80.43705,2026-09-09 22:41:31.377682
D00164,16.304464,80.44416,2026-09-09 22:42:02.917601
D00020,16.30103,80.44016,2026-09-09 22:42:05.670949
D00042,16.276973,80.455622,2026-09-09 22:42:18.710299
D00998,16.30957,80.434215,2026-09-09 22:42:21.359360
D00924,16.298853,80.440761,2026-09-09 22:42:40.231371
D00341,16.302681,80.451701,2026-09-09 22:42:43.212228
D00202,16.313315,80.441796,2026-09-09 22:42:43.980549
D00389,16.308706,80.427455,2026-09-09 22:43:05.289303
D00358,16.306597,80.444719,2026-09-09 22:43:19.239061
D00417,16.308414,80.434023,2026-09-09 22:43:29.333096
D00269,16.306525,80.442373,2026-09-09 22:43:30.090476
D00120,16.302034,80.439659,2026-09-09 22:43:58.846396
D00524,16.301867,80.43572,2026-09-09 22:44:17.498541
D00720,16.308193,80.432645,2026-09-09 22:44:18.838641
D00026,16.316929,80.437177,2026-09-09 22:44:27.682461
D00331,16.318095,80.430569,2026-09-09 22:44:30.195702
D00102,16.309601,80.442619,2026-09-09 22:45:11.816716
D00763,16.303295,80.453126,2026-09-09 22:45:12.923189
D00057,16.334733,80.436435,2026-09-09 22:45:49.735325
D00695,16.28942,80.420306,2026-09-09 22:46:02.787689
D00986,16.317603,80.430441,2026-09-09 22:46:03.339255
D00939,16.282118,80.451541,2026-09-09 22:46:17.258642
D00461,16.3126,80.440485,2026-09-09 22:46:17.398319
D00305,16.289725,80.434975,2026-09-09 22:46:23.152708
D00790,16.317319,80.430848,2026-09-09 22:46:29.981702
D00121,16.305995,80.429208,2026-09-09 22:46:36.847422
D00213,16.303227,80.438246,2026-09-09 22:46:44.996613
D00807,16.309782,80.436463,2026-09-09 22:47:01.015627
D00872,16.305044,80.433394,2026-09-09 22:47:09.133609
D00142,16.290298,80.411234,2026-09-09 22:47:34.883014
D00142,16.304039,80.416598,2026-09-09 22:47:59.883014
D00073,16.287028,80.425805,2026-09-09 22:48:02.763584
D00576,16.30236,80.439332,2026-09-09 22:48:11.584731
D00460,16.304728,80.472758,2026-09-09 22:48:13.396314
D00620,16.327523,80.442406,2026-09-09 22:48:20.655682
D00653,16.300672,80.441366,2026-09-09 22:49:02.707238
D00022,16.301135,80.435246,2026-09-09 22:49:13.675453
D00202,16.302941,80.432736,2026-09-09 22:49:16.980549
D00494,16.324301,80.439663,2026-09-09 22:49:30.452811
D00508,16.314696,80.414904,2026-09-09 22:49:39.472345
D00687,16.310869,80.444926,2026-09-09 22:49:50.769277
D00473,16.31536,80.444555,2026-09-09 22:49:58.417341
D00809,16.313141,80.441104,2026-09-09 22:50:19.018841
D00533,16.310619,80.433079,2026-09-09 22:50:36.513329
D00903,16.296688,80.444139,2026-09-09 22:50:39.188745
D00941,16.307922,80.428733,2026-09-09 22:50:49.261643
D00838,16.311187,80.431768,2026-09-09 22:50:52.070712
D00770,16.312768,80.441488,2026-09-09 22:51:12.937980
D00526,16.308162,80.447513,2026-09-09 22:51:48.502423
D00684,16.30983,80.438184,2026-09-09 22:52:00.762758
D00840,16.297413,80.439469,2026-09-09 22:52:12.073728
D00193,16.307494,80.437292,2026-09-09 22:52:20.966775
D00645,16.320293,80.426445,2026-09-09 22:52:29.693848
D00025,16.318717,80.428412,2026-09-09 22:52:30.680475
D00968,16.278375,80.451224,2026-09-09 22:52:56.312714
D00163,16.332942,80.441807,2026-09-09 22:52:57.915593
D00333,16.308023,80.430455,2026-09-09 22:53:09.198713
D00952,16.296153,80.437432,2026-09-09 22:53:12.282661
D00180,16.308145,80.439294,2026-09-09 22:53:41.946339
D00152,16.307209,80.44086,2026-09-09 22:53:43.899275
D00275,16.30961,80.4306,2026-09-09 22:53:55.101505
D00908,16.31633,80.441479,2026-09-09 22:54:00.199777
D00045,16.335771,80.418782,2026-09-09 22:54:15.715299
D00286,16.29886,80.439207,2026-09-09 22:54:29.118836
D00243,16.308655,80.445935,2026-09-09 22:54:33.046775
D00204,16.30072,80.440514,2026-09-09 22:54:36.982605
D00610,16.315419,80.435389,2026-09-09 22:54:44.637967
D00283,16.289702,80.444613,2026-09-09 22:55:56.114123
D00932,16.310023,80.432038,2026-09-09 22:56:18.247121
D00460,16.302715,80.473632,2026-09-09 22:56:19.396314
D00793,16.32113,80.435658,2026-09-09 22:56:44.987028
D00550,16.325021,80.437059,2026-09-09 22:56:46.543808
D00773,16.30676,80.447115,2026-09-09 22:56:47.943982
D00764,16.299766,80.444578,2026-09-09 22:56:53.925697
D00739,16.309742,80.440814,2026-09-09 22:56:55.878709
D00737,16.30063,80.437408,2026-09-09 22:57:06.874189
D00628,16.28972,80.470561,2026-09-09 22:57:08.667348
D00857,16.287562,80.438016,2026-09-09 22:57:16.107044
D00048,16.30817,80.428747,2026-09-09 22:57:21.719815
D00540,16.301183,80.444353,2026-09-09 22:57:44.526171
D00583,16.29341,80.438539,2026-09-09 22:57:55.595474
D00301,16.305444,80.427305,2026-09-09 22:58:04.144090
D00507,16.286849,80.436585,2026-09-09 22:58:05.471344
D00667,16.283203,80.431644,2026-09-09 22:58:44.731058
D00076,16.309048,80.434537,2026-09-09 22:59:06.769098
D00343,16.278659,80.462445,2026-09-09 22:59:14.214228
D00604,16.298627,80.443344,2026-09-09 22:59:22.629231
D00755,16.300778,80.436862,2026-09-09 22:59:28.908665
D00590,16.310844,80.430874,2026-09-09 22:59:38.607312
D00649,16.29917,80.432943,2026-09-09 22:59:39.700456
D00541,16.309732,80.447321,2026-09-09 22:59:57.528291
D00887,16.310245,80.44354,2026-09-09 23:00:14.160704
D00244,16.304018,80.435442,2026-09-09 23:00:19.047877
D00181,16.315355,80.43047,2026-09-09 23:00:43.948446
D00986,16.319236,80.435062,2026-09-09 23:00:49.339255
D00209,16.316091,80.430584,2026-09-09 23:01:05.990323
D00695,16.288395,80.41659,2026-09-09 23:01:08.787689
D00334,16.305209,80.437085,2026-09-09 23:01:16.200713
D00485,16.295717,80.433673,2026-09-09 23:01:22.436590
D00191,16.306805,80.430581,2026-09-09 23:01:40.963057
D00052,16.302972,80.439356,2026-09-09 23:02:00.726326
D00089,16.307538,80.450157,2026-09-09 23:02:52.794636
D00333,16.306344,80.435761,2026-09-09 23:03:13.198713
D00708,16.309838,80.42039,2026-09-09 23:03:21.816852
D00017,16.311863,80.425695,2026-09-09 23:03:32.666944
D00287,16.309732,80.436344,2026-09-09 23:03:51.120846
D00197,16.304844,80.42776,2026-09-09 23:03:54.971882
D00089,16.303086,80.442156,2026-09-09 23:04:06.794636
D00050,16.312166,80.431789,2026-09-09 23:04:11.723815
D00448,16.308965,80.440799,2026-09-09 23:04:14.377682
D00561,16.300809,80.439059,2026-09-09 23:04:43.560492
D00157,16.28479,80.450754,2026-09-09 23:04:50.906928
D00158,16.307241,80.431159,2026-09-09 23:05:19.907989
D00198,16.30352,80.441514,2026-09-09 23:05:23.973881
D00720,16.304322,80.432905,2026-09-09 23:05:24.838641
D00578,16.285569,80.434881,2026-09-09 23:05:25.587244
D00851,16.307763,80.439081,2026-09-09 23:05:32.095489
D00125,16.294603,80.418677,2026-09-09 23:05:50.853413
D00609,16.302884,80.431973,2026-09-09 23:05:53.636850
D00649,16.323586,80.445468,2026-09-09 23:06:32.700456
D00408,16.320896,80.434589,2026-09-09 23:06:35.319671
D00141,16.299384,80.449826,2026-09-09 23:06:37.881014
D00994,16.317864,80.442338,2026-09-09 23:06:45.352824
D00072,16.310505,80.441299,2026-09-09 23:06:49.761585
D00796,16.304932,80.437843,2026-09-09 23:06:55.993557
D00044,16.308546,80.444906,2026-09-09 23:07:18.713300
D00931,16.30577,80.419868,2026-09-09 23:07:30.244607
D00077,16.300448,80.459476,2026-09-09 23:07:38.770096
D00583,16.305076,80.442234,2026-09-09 23:07:45.595474
D00525,16.315305,80.425891,2026-09-09 23:07:49.500527
D00765,16.315687,80.447102,2026-09-09 23:07:49.927716
D00456,16.315767,80.441811,2026-09-09 23:08:16.390400
D00554,16.316219,80.45289,2026-09-09 23:08:53.551532
D00970,16.317314,80.436011,2026-09-09 23:08:57.315713
D00255,16.311207,80.447203,2026-09-09 23:09:25.067012
D00643,16.302143,80.426176,2026-09-09 23:09:34.690859
D00694,16.307528,80.448542,2026-09-09 23:09:37.783834
D00676,16.312524,80.433939,2026-09-09 23:09:48.745778
D00284,16.303248,80.438461,2026-09-09 23:09:51.115731
D00045,16.294566,80.429352,2026-09-09 23:10:18.715299
D00405,16.307789,80.438945,2026-09-09 23:10:36.314048
D00263,16.310948,80.432967,2026-09-09 23:11:15.079850
D00157,16.301086,80.443586,2026-09-09 23:11:24.906928
D00358,16.305335,80.434164,2026-09-09 23:11:32.239061
D00164,16.32282,80.466665,2026-09-09 23:11:49.917601
D00666,16.305244,80.436446,2026-09-09 23:12:02.730058
D00565,16.317445,80.448563,2026-09-09 23:12:43.566211
D00654,16.318655,80.433554,2026-09-09 23:12:43.708234
D00580,16.308727,80.434609,2026-09-09 23:13:05.591249
D00036,16.311631,80.430397,2026-09-09 23:13:14.698784
D00372,16.311237,80.431174,2026-09-09 23:13:28.262100
D00224,16.308897,80.431781,2026-09-09 23:13:32.016557
D00026,16.300175,80.423,2026-09-09 23:14:17.682461
D00039,16.287177,80.42191,2026-09-09 23:14:21.703783
D00820,16.310941,80.441429,2026-09-09 23:14:24.038635
D00377,16.306124,80.439102,2026-09-09 23:14:25.268609
D00286,16.293325,80.446611,2026-09-09 23:14:43.118836
D00051,16.313125,80.442885,2026-09-09 23:14:45.725321
D00599,16.303709,80.433819,2026-09-09 23:14:51.621283
D00107,16.298073,80.452567,2026-09-09 23:14:55.825275
D00694,16.309738,80.425564,2026-09-09 23:14:56.783834
D00253,16.308887,80.42973,2026-09-09 23:15:08.063501
D00986,16.320222,80.439624,2026-09-09 23:15:49.339255
D00797,16.314814,80.439117,2026-09-09 23:15:49.996063
D00197,16.305104,80.437466,2026-09-09 23:16:07.971882
D00932,16.310589,80.436037,2026-09-09 23:16:09.247121
D00293,16.306,80.431209,2026-09-09 23:16:23.130576
D00111,16.297064,80.419277,2026-09-09 23:16:43.831303
D00179,16.300472,80.449872,2026-09-09 23:16:46.944738
D00422,16.303262,80.451293,2026-09-09 23:16:50.340714
D00984,16.307337,80.437184,2026-09-09 23:17:28.336246
D00424,16.329903,80.463554,2026-09-09 23:17:28.343814
D00659,16.311745,80.438137,2026-09-09 23:17:47.715468
D00339,16.30489,80.447388,2026-09-09 23:17:54.208228
D00917,16.29633,80.438229,2026-09-09 23:18:03.217821
D00280,16.308699,80.443453,2026-09-09 23:18:09.110121
D00525,16.315084,80.426507,2026-09-09 23:18:26.500527
D00816,16.309295,80.435876,2026-09-09 23:18:31.031367
D00332,16.307968,80.451285,2026-09-09 23:18:32.197714
D00033,16.307017,80.441821,2026-09-09 23:18:42.692481
D00922,16.297746,80.442026,2026-09-09 23:19:11.228344
D00329,16.298395,80.437396,2026-09-09 23:19:30.192089
D00883,16.292524,80.414524,2026-09-09 23:20:03.153182
D00749,16.314519,80.426526,2026-09-09 23:20:04.899120
D00915,16.309499,80.439797,2026-09-09 23:20:05.214305
D00838,16.306285,80.415094,2026-09-09 23:20:24.070712
D00093,16.309957,80.421021,2026-09-09 23:21:09.801689
D00054,16.287845,80.421607,2026-09-09 23:21:20.730343
D00756,16.303931,80.439408,2026-09-09 23:21:34.909668
D00531,16.318224,80.450222,2026-09-09 23:21:35.510379
D00734,16.299371,80.446827,2026-09-09 23:21:36.867184
D00096,16.313903,80.435752,2026-09-09 23:21:44.806194
D00608,16.315199,80.454898,2026-09-09 23:22:02.634234
D00165,16.315975,80.439391,2026-09-09 23:22:30.920605
D00673,16.323756,80.43877,2026-09-09 23:22:33.740676
D00500,16.316541,80.44367,2026-09-09 23:22:49.461624
D00206,16.313907,80.431033,2026-09-09 23:22:58.985606
D00188,16.311613,80.431053,2026-09-09 23:23:20.958169
D00806,16.307156,80.434119,2026-09-09 23:23:21.013610
D00508,16.303686,80.437772,2026-09-09 23:23:45.472345
D00535,16.309956,80.438801,2026-09-09 23:24:02.516668
D00533,16.305091,80.44117,2026-09-09 23:24:03.513329
D00063,16.303486,80.428416,2026-09-09 23:24:14.745549
D00036,16.311822,80.444261,2026-09-09 23:24:17.698784
D00106,16.306009,80.43933,2026-09-09 23:25:24.823747
D00210,16.303928,80.437267,2026-09-09 23:25:50.990323
D00981,16.300879,80.43836,2026-09-09 23:25:51.331744
D00496,16.313588,80.454326,2026-09-09 23:25:57.455517
D00083,16.309163,80.433901,2026-09-09 23:26:07.782610
D00253,16.316357,80.432376,2026-09-09 23:26:56.063501
D00784,16.297142,80.447871,2026-09-09 23:27:13.968536
D00351,16.322242,80.432858,2026-09-09 23:27:20.228363
D00095,16.313025,80.436726,2026-09-09 23:27:20.804689
D00990,16.322158,80.429368,2026-09-09 23:27:38.346811
D00092,16.282306,80.422097,2026-09-09 23:27:55.799689
D00995,16.308032,80.434454,2026-09-09 23:28:01.355348
D00220,16.309162,80.433315,2026-09-09 23:28:03.007839
D00978,16.308855,80.418975,2026-09-09 23:28:14.327744
D00526,16.299702,80.432326,2026-09-09 23:28:19.502423
D00254,16.305695,80.434133,2026-09-09 23:28:33.064501
D00433,16.300906,80.44078,2026-09-09 23:28:39.356141
D00404,16.293211,80.439757,2026-09-09 23:28:41.313048
D00278,16.315741,80.436221,2026-09-09 23:28:48.107013
D00525,16.314864,80.428717,2026-09-09 23:28:48.500527
D00523,16.308672,80.450451,2026-09-09 23:28:53.497529
D00974,16.298673,80.436652,2026-09-09 23:29:01.321227
D00868,16.317905,80.431718,2026-09-09 23:29:15.124577
D00896,16.303202,80.436606,2026-09-09 23:29:20.177224
D00880,16.303301,80.432375,2026-09-09 23:29:27.148183
D00107,16.325723,80.441493,2026-09-09 23:29:43.825275
D00877,16.312577,80.442342,2026-09-09 23:29:50.140658
D00287,16.309235,80.439778,2026-09-09 23:29:55.120846
D00175,16.320356,80.434692,2026-09-09 23:30:18.937630
D00944,16.298708,80.444499,2026-09-09 23:30:28.266147
D00810,16.293604,80.438065,2026-09-09 23:30:55.020825
D00204,16.304588,80.421263,2026-09-09 23:30:58.982605
D00784,16.308658,80.455185,2026-09-09 23:31:03.968536
D00962,16.296085,80.436256,2026-09-09 23:31:14.299198
D00087,16.295317,80.430398,2026-09-09 23:31:36.789125
D00945,16.311273,80.44111,2026-09-09 23:32:08.268154
D00752,16.313272,80.439686,2026-09-09 23:32:16.904122
D00966,16.309594,80.434663,2026-09-09 23:32:48.306709
D00250,16.2993,80.440885,2026-09-09 23:32:59.058502
D00182,16.317249,80.430832,2026-09-09 23:33:23.950451
D00479,16.307099,80.44148,2026-09-09 23:33:40.425850
D00258,16.300648,80.433616,2026-09-09 23:33:53.072131
D00570,16.314019,80.442416,2026-09-09 23:33:56.574211
D00446,16.311742,80.43225,2026-09-09 23:33:58.373967
D00419,16.299919,80.440434,2026-09-09 23:34:11.336716
D00939,16.302888,80.439006,2026-09-09 23:34:27.258642
D00700,16.30263,80.431967,2026-09-09 23:34:47.802863
D00795,16.31486,80.440722,2026-09-09 23:34:50.991044
D00579,16.300528,80.435919,2026-09-09 23:34:59.589249
D00284,16.300318,80.439219,2026-09-09 23:35:09.115731
D00338,16.305526,80.452248,2026-09-09 23:35:13.206218
D00792,16.310114,80.438461,2026-09-09 23:35:15.985702
D00630,16.311426,80.44092,2026-09-09 23:35:22.670343
D00997,16.298697,80.444364,2026-09-09 23:36:19.357373
D00066,16.300838,80.434133,2026-09-09 23:36:33.751065
D00325,16.299879,80.443184,2026-09-09 23:36:54.186370
D00611,16.313298,80.433538,2026-09-09 23:37:13.638955
D00352,16.304192,80.435574,2026-09-09 23:37:24.229361
D00746,16.307706,80.432245,2026-09-09 23:37:28.890070
D00437,16.309129,80.438954,2026-09-09 23:37:59.362248
D00558,16.298099,80.432708,2026-09-09 23:38:02.556150
D00510,16.315329,80.427695,2026-09-09 23:38:24.475349
D00022,16.300944,80.439356,2026-09-09 23:38:27.675453
D00941,16.303355,80.444477,2026-09-09 23:38:30.261643
D00647,16.319934,80.437224,2026-09-09 23:38:54.697466
D00334,16.314936,80.447615,2026-09-09 23:38:57.200713
D00892,16.307274,80.435971,2026-09-09 23:39:05.170732
D00660,16.292348,80.44216,2026-09-09 23:39:32.717568
D00005,16.306944,80.437224,2026-09-09 23:39:58.639665
D00598,16.306816,80.447956,2026-09-09 23:40:08.620319
D00789,16.306807,80.446856,2026-09-09 23:40:17.979707
D00389,16.295497,80.436004,2026-09-09 23:40:23.289303
D00799,16.314004,80.411281,2026-09-09 23:40:28.999074
D00431,16.308832,80.450435,2026-09-09 23:40:41.353538
D00993,16.317944,80.442195,2026-09-09 23:40:42.351825
D00501,16.303813,80.43207,2026-09-09 23:40:54.462622
D00623,16.314333,80.438223,2026-09-09 23:40:54.660509
D00532,16.296673,80.442495,2026-09-09 23:41:00.511331
D00550,16.317415,80.447919,2026-09-09 23:41:00.543808
D00303,16.305572,80.452318,2026-09-09 23:41:22.147810
D00689,16.334433,80.425517,2026-09-09 23:41:30.773274
D00898,16.30784,80.438164,2026-09-09 23:41:49.181221
D00845,16.30649,80.428979,2026-09-09 23:41:53.083910
D00629,16.316428,80.436583,2026-09-09 23:41:59.669341
D00781,16.31349,80.438225,2026-09-09 23:41:59.963047
D00485,16.303832,80.439581,2026-09-09 23:42:10.436590
D00741,16.304008,80.437445,2026-09-09 23:42:43.881811
D00264,16.311778,80.43669,2026-09-09 23:42:53.081849
D00834,16.300143,80.454079,2026-09-09 23:42:55.064513
D00881,16.318068,80.431047,2026-09-09 23:43:31.150182
D00266,16.319042,80.434434,2026-09-09 23:43:33.085461
D00603,16.30705,80.428657,2026-09-09 23:43:34.628230
D00465,16.30209,80.438263,2026-09-09 23:44:03.404315
D00008,16.292217,80.440425,2026-09-09 23:44:09.650868
D00736,16.311411,80.441298,2026-09-09 23:44:13.871190
D00302,16.318617,80.451083,2026-09-09 23:44:21.145697
D00589,16.292911,80.441249,2026-09-09 23:44:21.605588
D00430,16.313699,80.441391,2026-09-09 23:44:30.351538
D00368,16.301012,80.441431,2026-09-09 23:44:36.255480
D00849,16.308642,80.439606,2026-09-09 23:44:47.090438
D00788,16.305865,80.437081,2026-09-09 23:45:09.975555
D00862,16.287748,80.451809,2026-09-09 23:45:26.116578
D00135,16.307261,80.441958,2026-09-09 23:45:29.870516
D00244,16.308133,80.429467,2026-09-09 23:45:43.047877
D00549,16.31487,80.440316,2026-09-09 23:46:08.542700
D00989,16.324009,80.432267,2026-09-09 23:46:18.345277
D00174,16.312261,80.446205,2026-09-09 23:46:18.936626
D00308,16.315696,80.439226,2026-09-09 23:46:50.158222
D00707,16.319428,80.435589,2026-09-09 23:46:55.814341
D00039,16.29142,80.424045,2026-09-09 23:47:03.703783
D00278,16.308485,80.428944,2026-09-09 23:47:32.107013
D00881,16.324855,80.432244,2026-09-09 23:47:35.150182
D00839,16.290857,80.439352,2026-09-09 23:47:37.072713
D00989,16.309594,80.436897,2026-09-09 23:47:37.345277
D00518,16.315429,80.441859,2026-09-09 23:47:38.488781
D00764,16.306077,80.432267,2026-09-09 23:47:45.925697
D00108,16.304286,80.43555,2026-09-09 23:48:02.827313
D00161,16.326896,80.44094,2026-09-09 23:48:02.912985
D00367,16.287273,80.451002,2026-09-09 23:48:20.253480
D00547,16.303886,80.431302,2026-09-09 23:48:32.538706
D00969,16.311314,80.449276,2026-09-09 23:48:39.313713
D00352,16.30114,80.445341,2026-09-09 23:48:52.229361
D00106,16.282033,80.429283,2026-09-09 23:49:30.823747
D00882,16.305587,80.445878,2026-09-09 23:49:31.151183
D00025,16.307994,80.434403,2026-09-09 23:49:37.680475
D00307,16.317937,80.442671,2026-09-09 23:49:44.156212
D00862,16.291054,80.453132,2026-09-09 23:49:49.116578
D00992,16.306387,80.43085,2026-09-09 23:49:56.349831
D00464,16.300502,80.434926,2026-09-09 23:50:01.403315
D00866,16.30826,80.439704,2026-09-09 23:50:10.122577
D00746,16.30128,80.448235,2026-09-09 23:50:14.890070
D00192,16.304197,80.429598,2026-09-09 23:50:43.964159
D00927,16.308837,80.429137,2026-09-09 23:51:04.236603
D00857,16.304362,80.434793,2026-09-09 23:51:32.107044
D00083,16.309606,80.434706,2026-09-09 23:51:36.782610
D00279,16.306344,80.436201,2026-09-09 23:51:39.109018
D00409,16.308984,80.43409,2026-09-09 23:52:01.321666
D00588,16.313127,80.448017,2026-09-09 23:52:05.603587
D00375,16.300256,80.432917,2026-09-09 23:52:10.266609
D00440,16.325537,80.431215,2026-09-09 23:52:10.365861
D00061,16.317607,80.431714,2026-09-09 23:52:12.741547
D00585,16.31326,80.43375,2026-09-09 23:52:15.598587
D00195,16.298783,80.43912,2026-09-09 23:52:16.969882
D00969,16.307468,80.448491,2026-09-09 23:52:45.313713
D00970,16.31478,80.433768,2026-09-09 23:52:57.315713
D00395,16.295399,80.458786,2026-09-09 23:53:11.299434
D00200,16.280665,80.417727,2026-09-09 23:53:12.976502
D00456,16.323558,80.416962,2026-09-09 23:53:29.390400
D00254,16.304556,80.441204,2026-09-09 23:53:34.064501
D00837,16.30278,80.425002,2026-09-09 23:53:37.069719
D00196,16.313219,80.438694,2026-09-09 23:53:39.970877
D00242,16.300881,80.416045,2026-09-09 23:53:41.044549
D00003,16.299649,80.449832,2026-09-09 23:53:50.634123
D00171,16.30454,80.429031,2026-09-09 23:54:20.931225
D00264,16.305677,80.429406,2026-09-09 23:54:27.081849
D00396,16.30651,80.438064,2026-09-09 23:54:36.300432
D00384,16.303022,80.42898,2026-09-09 23:54:40.280745
D00508,16.292316,80.434396,2026-09-09 23:54:52.472345
D00371,16.300475,80.437864,2026-09-09 23:55:00.260036
D00707,16.306741,80.437418,2026-09-09 23:55:11.814341
D00040,16.304847,80.426685,2026-09-09 23:55:34.705288
D00635,16.305136,80.431271,2026-09-09 23:55:37.678642
D00353,16.307891,80.432418,2026-09-09 23:55:54.231357
D00445,16.300373,80.428782,2026-09-09 23:57:02.372970
D00276,16.31469,80.42502,2026-09-09 23:57:25.103504
D00487,16.315036,80.442922,2026-09-09 23:57:37.438693
D00541,16.301905,80.433079,2026-09-09 23:57:40.528291
D00842,16.30225,80.409732,2026-09-09 23:57:56.078894
D00799,16.314089,80.434494,2026-09-09 23:57:57.999074
D00514,16.308142,80.442164,2026-09-09 23:58:14.482255
D00062,16.299063,80.431966,2026-09-09 23:58:16.742546
D00404,16.312948,80.440857,2026-09-09 23:58:28.313048
D00924,16.313058,80.457247,2026-09-09 23:58:33.231371
D00354,16.295852,80.429343,2026-09-09 23:59:29.232365
D00118,16.321653,80.415011,2026-09-09 23:59:50.843859
D00557,16.311558,80.437341,2026-09-09 23:59:54.554540
D00991,16.290899,80.438653,2026-09-10 00:00:02.347825
D00572,16.29913,80.425695,2026-09-10 00:00:25.578735
D00682,16.285094,80.44533,2026-09-10 00:00:28.758804
D00295,16.299609,80.445417,2026-09-10 00:00:45.133473
D00109,16.296882,80.439582,2026-09-10 00:00:48.828306
D00909,16.285873,80.430083,2026-09-10 00:01:26.201777
D00663,16.290226,80.431842,2026-09-10 00:01:55.722579
D00407,16.301981,80.437515,2026-09-10 00:02:01.317558
D00149,16.310566,80.437433,2026-09-10 00:02:30.894560
D00115,16.289681,80.437196,2026-09-10 00:02:43.837850
D00096,16.307187,80.434854,2026-09-10 00:02:45.806194
D00568,16.30594,80.448044,2026-09-10 00:03:17.572212
D00066,16.296101,80.440853,2026-09-10 00:03:21.751065
D00602,16.308709,80.441927,2026-09-10 00:03:23.625892
D00929,16.307009,80.442159,2026-09-10 00:03:29.240626
D00459,16.306052,80.426793,2026-09-10 00:03:56.395700
D00443,16.300477,80.434529,2026-09-10 00:03:58.370966
D00994,16.306006,80.428448,2026-09-10 00:04:14.352824
D00470,16.298829,80.438434,2026-09-10 00:04:15.412829
D00958,16.313612,80.437227,2026-09-10 00:04:17.291175
D00236,16.304622,80.441227,2026-09-10 00:04:19.033935
D00318,16.303898,80.438962,2026-09-10 00:04:25.175642
D00041,16.31605,80.446581,2026-09-10 00:04:35.708297
D00396,16.316699,80.43185,2026-09-10 00:04:42.300432
D00028,16.303801,80.436883,2026-09-10 00:05:17.685459
D00731,16.300835,80.442311,2026-09-10 00:05:35.861669
D00868,16.302309,80.412983,2026-09-10 00:06:03.124577
D00815,16.300212,80.439415,2026-09-10 00:06:27.030367
D00407,16.299745,80.434826,2026-09-10 00:06:42.317558
D00046,16.297339,80.431594,2026-09-10 00:07:13.716810
D00227,16.310026,80.441846,2026-09-10 00:07:43.020661
D00415,16.301712,80.431761,2026-09-10 00:07:53.331096
D00013,16.291197,80.438817,2026-09-10 00:08:03.658449
D00640,16.306948,80.431564,2026-09-10 00:08:05.686750
D00246,16.304389,80.440624,2026-09-10 00:08:12.050874
D00431,16.310805,80.423444,2026-09-10 00:08:19.353538
D00727,16.300453,80.43603,2026-09-10 00:08:30.854159
D00787,16.284133,80.441192,2026-09-10 00:08:43.973564
D00397,16.303202,80.423556,2026-09-10 00:08:46.301431
D00301,16.299917,80.433443,2026-09-10 00:09:07.144090
D00490,16.297847,80.433459,2026-09-10 00:09:27.443910
D00238,16.304696,80.433894,2026-09-10 00:09:35.037547
D00157,16.29617,80.452027,2026-09-10 00:09:51.906928
D00561,16.30517,80.448973,2026-09-10 00:10:27.560492
D00981,16.301497,80.435819,2026-09-10 00:10:51.331744
D00855,16.307707,80.436029,2026-09-10 00:10:54.103496
D00441,16.302505,80.429902,2026-09-10 00:11:03.366971
D00149,16.310768,80.437325,2026-09-10 00:11:03.894560
D00005,16.281543,80.431326,2026-09-10 00:11:15.639665
D00398,16.313446,80.443273,2026-09-10 00:11:26.302434
D00755,16.289728,80.427205,2026-09-10 00:11:33.908665
D00073,16.294546,80.444072,2026-09-10 00:11:47.763584
D00732,16.28859,80.426905,2026-09-10 00:12:19.863671
D00246,16.307987,80.435129,2026-09-10 00:12:30.050874
D00084,16.270294,80.449945,2026-09-10 00:12:30.783610
D00704,16.308178,80.432442,2026-09-10 00:12:32.809341
D00785,16.309581,80.430098,2026-09-10 00:12:32.970536
D00374,16.305652,80.434681,2026-09-10 00:12:36.265602
D00951,16.298001,80.438041,2026-09-10 00:12:53.280662
D00010,16.312731,80.424724,2026-09-10 00:13:05.653894
D00646,16.30125,80.447323,2026-09-10 00:13:27.695416
D00728,16.304056,80.420493,2026-09-10 00:13:32.855663
D00266,16.300146,80.436479,2026-09-10 00:13:35.085461
D00339,16.310702,80.438777,2026-09-10 00:13:37.208228
D00410,16.312764,80.4389,2026-09-10 00:13:48.323669
D00613,16.304466,80.434242,2026-09-10 00:14:18.641951
D00448,16.312951,80.430747,2026-09-10 00:14:44.377682
D00588,16.32693,80.43333,2026-09-10 00:15:03.603587
D00840,16.319405,80.432868,2026-09-10 00:15:23.073728
D00331,16.309054,80.417063,2026-09-10 00:15:53.195702
D00286,16.305016,80.447519,2026-09-10 00:16:35.118836
D00208,16.303669,80.435896,2026-09-10 00:16:35.988323
D00477,16.311853,80.441033,2026-09-10 00:16:46.422346
D00350,16.304164,80.439391,2026-09-10 00:16:47.227371
D00096,16.307395,80.438159,2026-09-10 00:16:52.806194
D00230,16.306934,80.439336,2026-09-10 00:16:53.025557
D00911,16.316664,80.411326,2026-09-10 00:16:55.203793
D00698,16.316123,80.433257,2026-09-10 00:17:06.798731
D00583,16.297051,80.442079,2026-09-10 00:17:33.595474
D00794,16.273071,80.430678,2026-09-10 00:18:19.989045
D00817,16.297856,80.449728,2026-09-10 00:18:47.033350
D00162,16.31022,80.435865,2026-09-10 00:18:51.913987
D00888,16.309207,80.432466,2026-09-10 00:19:09.163699
D00696,16.31667,80.429832,2026-09-10 00:19:11.789696
D00486,16.303241,80.421937,2026-09-10 00:19:16.437694
D00611,16.299998,80.448533,2026-09-10 00:19:16.638955
D00798,16.30244,80.447692,2026-09-10 00:19:58.997069
D00529,16.31354,80.418972,2026-09-10 00:20:07.505527
D00542,16.296187,80.430528,2026-09-10 00:20:09.530185
D00390,16.313716,80.425128,2026-09-10 00:20:13.290259
D00532,16.308018,80.449774,2026-09-10 00:20:21.511331
D00177,16.314819,80.43233,2026-09-10 00:20:23.940630
D00172,16.314714,80.435797,2026-09-10 00:20:26.933118
D00681,16.309661,80.439883,2026-09-10 00:20:30.755689
D00245,16.30078,80.432779,2026-09-10 00:20:31.049874
D00226,16.308535,80.44092,2026-09-10 00:20:41.018662
D00945,16.307089,80.439274,2026-09-10 00:21:03.268154
D00250,16.306962,80.435916,2026-09-10 00:21:13.058502
D00873,16.296042,80.429364,2026-09-10 00:21:37.135621
D00516,16.284543,80.45322,2026-09-10 00:21:51.485658
D00041,16.315227,80.443431,2026-09-10 00:22:00.708297
D00315,16.313749,80.432957,2026-09-10 00:22:03.170037
D00859,16.30759,80.436121,2026-09-10 00:22:15.111050
D00174,16.301085,80.433305,2026-09-10 00:22:27.936626
D00109,16.312527,80.431701,2026-09-10 00:22:44.828306
D00380,16.303807,80.42822,2026-09-10 00:22:58.274609
D00862,16.311576,80.440099,2026-09-10 00:23:04.116578
D00134,16.30334,80.443223,2026-09-10 00:23:09.868516
D00993,16.308338,80.433381,2026-09-10 00:23:24.351825
D00345,16.3467,80.449656,2026-09-10 00:23:44.217743
D00820,16.307925,80.429366,2026-09-10 00:24:18.038635
D00599,16.312295,80.436798,2026-09-10 00:24:36.621283
D00550,16.320291,80.438697,2026-09-10 00:24:56.543808
D00174,16.303232,80.419925,2026-09-10 00:25:23.936626
D00342,16.309069,80.423826,2026-09-10 00:26:06.213228
D00657,16.293822,80.428029,2026-09-10 00:26:10.713850
D00516,16.302425,80.443053,2026-09-10 00:26:17.485658
D00485,16.3063,80.433889,2026-09-10 00:26:26.436590
D00262,16.313948,80.431866,2026-09-10 00:26:35.078846
D00501,16.308124,80.448958,2026-09-10 00:26:35.462622
D00267,16.341682,80.437591,2026-09-10 00:26:53.087470
D00697,16.311132,80.44864,2026-09-10 00:27:24.794214
D00839,16.301969,80.436917,2026-09-10 00:27:26.072713
D00393,16.301333,80.439626,2026-09-10 00:27:29.295705
D00611,16.298902,80.43233,2026-09-10 00:27:46.638955
D00198,16.310655,80.456613,2026-09-10 00:27:59.973881
D00966,16.314321,80.436051,2026-09-10 00:28:10.306709
D00418,16.311693,80.428219,2026-09-10 00:28:55.334100
D00689,16.302536,80.435858,2026-09-10 00:28:55.773274
D00988,16.298877,80.428179,2026-09-10 00:29:05.343257
D00139,16.30684,80.439409,2026-09-10 00:29:33.878014
D00554,16.309558,80.435122,2026-09-10 00:29:44.551532
D00647,16.31088,80.418696,2026-09-10 00:29:53.697466
D00752,16.305663,80.44493,2026-09-10 00:30:05.904122
D00801,16.29989,80.438319,2026-09-10 00:30:10.003108
D00447,16.303423,80.464539,2026-09-10 00:30:28.376576
D00974,16.310095,80.435777,2026-09-10 00:31:01.321227
D00052,16.309631,80.433913,2026-09-10 00:31:01.726326
D00063,16.298261,80.436733,2026-09-10 00:31:22.745549
D00935,16.328824,80.411569,2026-09-10 00:31:36.251125
D00070,16.298427,80.44262,2026-09-10 00:31:42.757578
D00896,16.303866,80.437257,2026-09-10 00:31:51.177224
D00325,16.313636,80.434796,2026-09-10 00:31:58.186370
D00645,16.310749,80.430895,2026-09-10 00:32:23.693848
D00909,16.304615,80.436332,2026-09-10 00:33:06.201777
D00901,16.314011,80.439319,2026-09-10 00:33:18.185723
D00975,16.309721,80.449851,2026-09-10 00:33:20.322226
D00792,16.326037,80.432423,2026-09-10 00:33:39.985702
D00037,16.298528,80.432757,2026-09-10 00:33:44.699783
D00296,16.315912,80.433582,2026-09-10 00:33:46.135975
D00703,16.314484,80.426829,2026-09-10 00:33:49.807342
D00863,16.299442,80.447851,2026-09-10 00:34:01.118594
D00387,16.29893,80.448867,2026-09-10 00:34:01.285746
D00820,16.304765,80.438302,2026-09-10 00:34:02.038635
D00475,16.300711,80.429487,2026-09-10 00:34:06.420346
D00159,16.309478,80.426719,2026-09-10 00:34:12.909886
D00494,16.321365,80.438583,2026-09-10 00:34:22.452811
D00004,16.315262,80.433441,2026-09-10 00:34:26.637648
D00712,16.310189,80.427817,2026-09-10 00:34:54.823850
D00036,16.295657,80.443382,2026-09-10 00:35:07.698784
D00238,16.306118,80.438296,2026-09-10 00:35:08.037547
D00591,16.304182,80.432057,2026-09-10 00:35:11.609314
D00120,16.310025,80.433541,2026-09-10 00:35:13.846396
D00498,16.303518,80.459765,2026-09-10 00:35:28.458630
D00174,16.310089,80.416847,2026-09-10 00:35:28.936626
D00317,16.30881,80.427321,2026-09-10 00:36:08.174037
D00930,16.307008,80.439903,2026-09-10 00:36:25.241606
D00215,16.310351,80.431466,2026-09-10 00:36:34.999714
D00083,16.300691,80.441194,2026-09-10 00:36:53.782610
D00128,16.311295,80.441211,2026-09-10 00:36:56.857962
D00873,16.298726,80.446477,2026-09-10 00:36:57.135621
D00008,16.288625,80.437382,2026-09-10 00:37:38.650868
D00965,16.313455,80.443758,2026-09-10 00:37:41.305703
D00559,16.2932,80.443868,2026-09-10 00:37:43.557263
D00478,16.312389,80.428486,2026-09-10 00:37:46.424346
D00165,16.313221,80.436221,2026-09-10 00:37:52.920605
D00450,16.311107,80.437711,2026-09-10 00:37:56.379680
D00581,16.300311,80.438798,2026-09-10 00:37:56.592752
D00885,16.303421,80.428472,2026-09-10 00:38:02.156694
D00502,16.309953,80.432655,2026-09-10 00:38:03.463626
D00920,16.303831,80.425286,2026-09-10 00:38:11.222821
D00770,16.315789,80.448571,2026-09-10 00:38:13.937980
D00836,16.325663,80.428462,2026-09-10 00:38:15.067713
D00642,16.299581,80.441121,2026-09-10 00:38:46.689804
D00039,16.296253,80.414774,2026-09-10 00:38:57.703783
D00429,16.303324,80.424891,2026-09-10 00:39:27.350532
D00469,16.322866,80.466881,2026-09-10 00:39:51.410830
D00375,16.303278,80.434273,2026-09-10 00:40:01.266609
D00102,16.299636,80.43489,2026-09-10 00:40:02.816716
D00509,16.328167,80.43278,2026-09-10 00:40:03.473349
D00414,16.307837,80.442807,2026-09-10 00:40:06.329096
D00038,16.302956,80.448236,2026-09-10 00:40:23.701783
D00683,16.301634,80.422632,2026-09-10 00:40:53.761758
D00493,16.305799,80.444599,2026-09-10 00:41:06.450810
D00198,16.308705,80.450526,2026-09-10 00:41:18.973881
D00896,16.298915,80.435337,2026-09-10 00:41:44.177224
D00020,16.308215,80.438494,2026-09-10 00:41:52.670949
D00580,16.321702,80.428796,2026-09-10 00:41:54.591249
D00701,16.296137,80.451245,2026-09-10 00:41:57.803802
D00009,16.309146,80.443489,2026-09-10 00:42:00.651862
D00497,16.29594,80.427382,2026-09-10 00:42:08.456523
D00174,16.305574,80.439568,2026-09-10 00:42:23.936626
D00810,16.306507,80.430701,2026-09-10 00:42:30.020825
D00586,16.312742,80.439075,2026-09-10 00:43:27.600586
D00891,16.322781,80.425327,2026-09-10 00:43:41.168731
D00667,16.3007,80.431882,2026-09-10 00:43:48.731058
D00310,16.295936,80.416832,2026-09-10 00:43:52.162331
D00522,16.30198,80.441387,2026-09-10 00:44:10.496444
D00951,16.305752,80.434893,2026-09-10 00:44:30.280662
D00276,16.310348,80.439092,2026-09-10 00:44:32.103504
D00157,16.304133,80.433337,2026-09-10 00:44:39.906928
D00833,16.304066,80.450241,2026-09-10 00:44:52.062545
D00274,16.314828,80.44291,2026-09-10 00:45:03.100504
D00964,16.291178,80.424188,2026-09-10 00:45:25.303197
D00553,16.287625,80.443934,2026-09-10 00:45:37.549542
D00753,16.309953,80.430017,2026-09-10 00:45:40.905646
D00118,16.318283,80.436491,2026-09-10 00:46:06.843859
D00964,16.291717,80.424518,2026-09-10 00:46:07.303197
D00386,16.295644,80.434108,2026-09-10 00:46:32.283745
D00278,16.295084,80.450781,2026-09-10 00:47:14.107013
D00523,16.308119,80.451273,2026-09-10 00:47:35.497529
D00756,16.295082,80.438001,2026-09-10 00:47:42.909668
D00827,16.309088,80.438084,2026-09-10 00:48:26.052023
D00329,16.323606,80.451819,2026-09-10 00:48:33.192089
D00025,16.285463,80.438549,2026-09-10 00:48:39.680475
D00863,16.299479,80.445543,2026-09-10 00:48:40.118594
D00510,16.306451,80.431155,2026-09-10 00:48:49.475349
D00953,16.29689,80.432679,2026-09-10 00:49:02.283662
D00557,16.30349,80.433783,2026-09-10 00:49:25.554540
D00467,16.301615,80.440066,2026-09-10 00:49:35.407830
D00768,16.2991,80.445444,2026-09-10 00:49:36.934731
D00730,16.307552,80.428495,2026-09-10 00:49:46.859672
D00491,16.314709,80.461242,2026-09-10 00:50:11.446805
D00720,16.305802,80.437434,2026-09-10 00:50:23.838641
D00954,16.309078,80.442016,2026-09-10 00:50:36.285662
D00760,16.301758,80.445256,2026-09-10 00:50:38.917185
D00412,16.297939,80.439162,2026-09-10 00:50:46.327097
D00260,16.312926,80.44733,2026-09-10 00:50:56.074124
